{"cameraMode":{"drawMode":0,"name":"Shaded","section":"Shading Mode"},"sceneLighting":true,"audioPlay":false,"sceneViewState":{"m_AlwaysRefresh":false,"showFog":true,"showSkybox":true,"showFlares":true,"showImageEffects":true,"showParticleSystems":true,"showVisualEffectGraphs":true,"m_FxEnabled":false},"in2DMode":false,"pivot":{"x":-26.915388107299806,"y":3.0518150329589845,"z":26.01804542541504},"rotation":{"x":-0.027271373197436334,"y":-0.04886453226208687,"z":0.0013517565093934537,"w":-0.9984244704246521},"size":0.0002879518433474004,"orthographic":false}