{"cameraMode":{"drawMode":0,"name":"Shaded","section":"Shading Mode"},"sceneLighting":true,"audioPlay":false,"sceneViewState":{"m_AlwaysRefresh":false,"showFog":true,"showSkybox":true,"showFlares":true,"showImageEffects":true,"showParticleSystems":true,"showVisualEffectGraphs":true,"m_FxEnabled":false},"in2DMode":false,"pivot":{"x":-14.227579116821289,"y":3.6653573513031008,"z":-25.71239471435547},"rotation":{"x":-0.07936615496873856,"y":0.09465182572603226,"z":-0.007560249883681536,"w":-0.9923179149627686},"size":1.2247450351715088,"orthographic":false}