{"cameraMode":{"drawMode":0,"name":"Shaded","section":"Shading Mode"},"sceneLighting":true,"audioPlay":false,"sceneViewState":{"m_AlwaysRefresh":false,"showFog":true,"showSkybox":true,"showFlares":true,"showImageEffects":true,"showParticleSystems":true,"showVisualEffectGraphs":true,"m_FxEnabled":false},"in2DMode":false,"pivot":{"x":25.15999984741211,"y":3.6750001907348635,"z":-27.31999969482422},"rotation":{"x":-0.18949533998966218,"y":0.04034096375107765,"z":-0.007782151456922293,"w":-0.9810276627540588},"size":3.1945204734802248,"orthographic":false}