{"cameraMode":{"drawMode":0,"name":"Shaded","section":"Shading Mode"},"sceneLighting":true,"audioPlay":false,"sceneViewState":{"m_AlwaysRefresh":false,"showFog":true,"showSkybox":true,"showFlares":true,"showImageEffects":true,"showParticleSystems":true,"showVisualEffectGraphs":true,"m_FxEnabled":false},"in2DMode":false,"pivot":{"x":-27.276294708251954,"y":4.126145362854004,"z":27.719825744628908},"rotation":{"x":-0.06767463684082031,"y":-0.04876962676644325,"z":0.003330634208396077,"w":-0.9965012669563294},"size":0.0002879518433474004,"orthographic":false}