{"cameraMode":{"drawMode":0,"name":"Shaded","section":"Shading Mode"},"sceneLighting":true,"audioPlay":false,"sceneViewState":{"m_AlwaysRefresh":false,"showFog":true,"showSkybox":true,"showFlares":true,"showImageEffects":true,"showParticleSystems":true,"showVisualEffectGraphs":true,"m_FxEnabled":false},"in2DMode":false,"pivot":{"x":-17.536991119384767,"y":2.9854729175567629,"z":-22.811840057373048},"rotation":{"x":-0.024304376915097238,"y":0.015591156668961048,"z":-0.0003690756275318563,"w":-0.9995882511138916},"size":3.020995855331421,"orthographic":false}