{"cameraMode":{"drawMode":0,"name":"Shaded","section":"Shading Mode"},"sceneLighting":true,"audioPlay":false,"sceneViewState":{"m_AlwaysRefresh":false,"showFog":true,"showSkybox":true,"showFlares":true,"showImageEffects":true,"showParticleSystems":true,"showVisualEffectGraphs":true,"m_FxEnabled":false},"in2DMode":false,"pivot":{"x":24.811859130859376,"y":0.40127506852149966,"z":-25.013765335083009},"rotation":{"x":0.33618080615997317,"y":-0.5572376847267151,"z":0.2630178928375244,"w":0.7122436165809631},"size":4.373630523681641,"orthographic":false}