{"cameraMode":{"drawMode":0,"name":"Shaded","section":"Shading Mode"},"sceneLighting":true,"audioPlay":false,"sceneViewState":{"m_AlwaysRefresh":false,"showFog":true,"showSkybox":true,"showFlares":true,"showImageEffects":true,"showParticleSystems":true,"showVisualEffectGraphs":true,"m_FxEnabled":false},"in2DMode":false,"pivot":{"x":-19.890514373779298,"y":3.223492383956909,"z":7.7277140617370609},"rotation":{"x":0.2937687337398529,"y":0.012036947533488274,"z":0.003710266435518861,"w":-0.9557971358299255},"size":2.405673027038574,"orthographic":false}